decil,candidato,con_jcf,tasa_decil,reparto_jcf,cve_ent,año
1,1254,0.0,0.0,0.0,01,2020
2,3694,0.0,0.0,0.0,01,2020
3,4797,0.0,0.0,0.0,01,2020
4,7282,0.0,0.0,0.0,01,2020
5,6793,0.0,0.0,0.0,01,2020
6,6210,0.0,0.0,0.0,01,2020
7,8260,0.0,0.0,0.0,01,2020
8,6809,223.0,0.03275077103833162,1.0,01,2020
9,6401,0.0,0.0,0.0,01,2020
10,5086,0.0,0.0,0.0,01,2020
1,2238,0.0,0.0,0.0,01,2022
2,3718,0.0,0.0,0.0,01,2022
3,6267,0.0,0.0,0.0,01,2022
4,3652,0.0,0.0,0.0,01,2022
5,6209,0.0,0.0,0.0,01,2022
6,5270,0.0,0.0,0.0,01,2022
7,5834,0.0,0.0,0.0,01,2022
8,5602,0.0,0.0,0.0,01,2022
9,6252,0.0,0.0,0.0,01,2022
10,4740,78.0,0.016455696202531647,1.0,01,2022
1,2587,0.0,0.0,0.0,01,2024
2,4766,0.0,0.0,0.0,01,2024
3,4287,0.0,0.0,0.0,01,2024
4,6403,0.0,0.0,0.0,01,2024
5,6298,0.0,0.0,0.0,01,2024
6,6748,0.0,0.0,0.0,01,2024
7,5824,0.0,0.0,0.0,01,2024
8,6082,0.0,0.0,0.0,01,2024
9,5955,0.0,0.0,0.0,01,2024
10,5644,0.0,0.0,0.0,01,2024
1,2084,0.0,0.0,0.0,02,2020
2,5131,0.0,0.0,0.0,02,2020
3,7078,0.0,0.0,0.0,02,2020
4,13625,0.0,0.0,0.0,02,2020
5,14302,0.0,0.0,0.0,02,2020
6,24985,0.0,0.0,0.0,02,2020
7,26118,0.0,0.0,0.0,02,2020
8,24083,0.0,0.0,0.0,02,2020
9,27967,0.0,0.0,0.0,02,2020
10,22368,0.0,0.0,0.0,02,2020
1,4723,0.0,0.0,0.0,02,2022
2,4542,0.0,0.0,0.0,02,2022
3,10048,0.0,0.0,0.0,02,2022
4,10393,0.0,0.0,0.0,02,2022
5,14343,0.0,0.0,0.0,02,2022
6,15804,0.0,0.0,0.0,02,2022
7,16863,0.0,0.0,0.0,02,2022
8,26034,0.0,0.0,0.0,02,2022
9,24888,0.0,0.0,0.0,02,2022
10,25238,0.0,0.0,0.0,02,2022
1,1859,0.0,0.0,0.0,02,2024
2,2466,0.0,0.0,0.0,02,2024
3,7602,0.0,0.0,0.0,02,2024
4,15290,0.0,0.0,0.0,02,2024
5,7803,0.0,0.0,0.0,02,2024
6,14652,0.0,0.0,0.0,02,2024
7,22283,0.0,0.0,0.0,02,2024
8,20519,0.0,0.0,0.0,02,2024
9,24417,0.0,0.0,0.0,02,2024
10,27652,0.0,0.0,0.0,02,2024
1,1663,0.0,0.0,0.0,03,2020
2,1000,0.0,0.0,0.0,03,2020
3,2368,31.0,0.013091216216216216,0.06526315789473684,03,2020
4,3133,73.0,0.023300351101180977,0.15368421052631578,03,2020
5,2510,115.0,0.045816733067729085,0.24210526315789474,03,2020
6,3832,33.0,0.00861169102296451,0.06947368421052631,03,2020
7,3300,111.0,0.03363636363636364,0.2336842105263158,03,2020
8,3318,0.0,0.0,0.0,03,2020
9,4962,0.0,0.0,0.0,03,2020
10,4284,112.0,0.026143790849673203,0.23578947368421052,03,2020
1,608,0.0,0.0,0.0,03,2022
2,184,0.0,0.0,0.0,03,2022
3,1185,0.0,0.0,0.0,03,2022
4,1902,0.0,0.0,0.0,03,2022
5,2481,0.0,0.0,0.0,03,2022
6,2934,0.0,0.0,0.0,03,2022
7,3534,55.0,0.0155631013016412,0.18394648829431437,03,2022
8,2241,112.0,0.0499776885319054,0.3745819397993311,03,2022
9,3753,132.0,0.035171862509992005,0.4414715719063545,03,2022
10,4039,0.0,0.0,0.0,03,2022
1,434,0.0,0.0,0.0,03,2024
2,748,0.0,0.0,0.0,03,2024
3,1646,0.0,0.0,0.0,03,2024
4,2202,26.0,0.011807447774750226,1.0,03,2024
5,2597,0.0,0.0,0.0,03,2024
6,3219,0.0,0.0,0.0,03,2024
7,4460,0.0,0.0,0.0,03,2024
8,3256,0.0,0.0,0.0,03,2024
9,2987,0.0,0.0,0.0,03,2024
10,4739,0.0,0.0,0.0,03,2024
1,2412,0.0,0.0,0.0,04,2020
2,3400,256.0,0.07529411764705882,0.09842368319876971,04,2020
3,3800,241.0,0.06342105263157895,0.09265667051134178,04,2020
4,2616,112.0,0.04281345565749235,0.04306036139946175,04,2020
5,3539,112.0,0.031647358010737495,0.04306036139946175,04,2020
6,4200,246.0,0.05857142857142857,0.09457900807381776,04,2020
7,3648,839.0,0.22998903508771928,0.3225682429834679,04,2020
8,3650,449.0,0.12301369863013699,0.17262591311034217,04,2020
9,2998,119.0,0.039693128752501666,0.0457516339869281,04,2020
10,2853,227.0,0.07956536978618997,0.08727412533640908,04,2020
1,3339,318.0,0.09523809523809523,0.16878980891719744,04,2022
2,3186,138.0,0.04331450094161959,0.0732484076433121,04,2022
3,4280,319.0,0.07453271028037384,0.16932059447983014,04,2022
4,3729,0.0,0.0,0.0,04,2022
5,3306,727.0,0.21990320629159105,0.3858811040339703,04,2022
6,3053,0.0,0.0,0.0,04,2022
7,3141,139.0,0.04425342247691818,0.0737791932059448,04,2022
8,2536,0.0,0.0,0.0,04,2022
9,2816,243.0,0.08629261363636363,0.12898089171974522,04,2022
10,1821,0.0,0.0,0.0,04,2022
1,2545,0.0,0.0,0.0,04,2024
2,3742,0.0,0.0,0.0,04,2024
3,3368,132.0,0.039192399049881234,0.5176470588235295,04,2024
4,4475,0.0,0.0,0.0,04,2024
5,3131,0.0,0.0,0.0,04,2024
6,2156,123.0,0.05705009276437848,0.4823529411764706,04,2024
7,3304,0.0,0.0,0.0,04,2024
8,2563,0.0,0.0,0.0,04,2024
9,1311,0.0,0.0,0.0,04,2024
10,1417,0.0,0.0,0.0,04,2024
1,6527,0.0,0.0,0.0,05,2020
2,10359,0.0,0.0,0.0,05,2020
3,13626,0.0,0.0,0.0,05,2020
4,14051,0.0,0.0,0.0,05,2020
5,19092,0.0,0.0,0.0,05,2020
6,15177,0.0,0.0,0.0,05,2020
7,17353,0.0,0.0,0.0,05,2020
8,19330,0.0,0.0,0.0,05,2020
9,14930,0.0,0.0,0.0,05,2020
10,14515,0.0,0.0,0.0,05,2020
1,4029,0.0,0.0,0.0,05,2022
2,6857,0.0,0.0,0.0,05,2022
3,11371,0.0,0.0,0.0,05,2022
4,12983,0.0,0.0,0.0,05,2022
5,14773,263.0,0.017802748256955256,1.0,05,2022
6,16857,0.0,0.0,0.0,05,2022
7,13699,0.0,0.0,0.0,05,2022
8,15752,0.0,0.0,0.0,05,2022
9,25237,0.0,0.0,0.0,05,2022
10,14416,0.0,0.0,0.0,05,2022
1,4473,0.0,0.0,0.0,05,2024
2,5895,0.0,0.0,0.0,05,2024
3,11958,0.0,0.0,0.0,05,2024
4,10968,0.0,0.0,0.0,05,2024
5,18062,0.0,0.0,0.0,05,2024
6,14334,0.0,0.0,0.0,05,2024
7,16165,0.0,0.0,0.0,05,2024
8,17632,0.0,0.0,0.0,05,2024
9,19658,0.0,0.0,0.0,05,2024
10,14617,0.0,0.0,0.0,05,2024
1,891,0.0,0.0,0.0,06,2020
2,1692,0.0,0.0,0.0,06,2020
3,2567,0.0,0.0,0.0,06,2020
4,2410,131.0,0.05435684647302905,0.3283208020050125,06,2020
5,2639,0.0,0.0,0.0,06,2020
6,1418,54.0,0.0380818053596615,0.13533834586466165,06,2020
7,3281,116.0,0.03535507467235599,0.2907268170426065,06,2020
8,3674,0.0,0.0,0.0,06,2020
9,2964,98.0,0.033063427800269905,0.24561403508771928,06,2020
10,1819,0.0,0.0,0.0,06,2020
1,841,0.0,0.0,0.0,06,2022
2,1645,0.0,0.0,0.0,06,2022
3,1894,0.0,0.0,0.0,06,2022
4,2201,0.0,0.0,0.0,06,2022
5,2144,79.0,0.03684701492537314,0.24233128834355827,06,2022
6,2420,0.0,0.0,0.0,06,2022
7,2024,0.0,0.0,0.0,06,2022
8,3121,131.0,0.041973726369753286,0.401840490797546,06,2022
9,4201,116.0,0.027612473220661748,0.3558282208588957,06,2022
10,1170,0.0,0.0,0.0,06,2022
1,621,0.0,0.0,0.0,06,2024
2,1150,0.0,0.0,0.0,06,2024
3,1679,0.0,0.0,0.0,06,2024
4,1461,0.0,0.0,0.0,06,2024
5,1887,0.0,0.0,0.0,06,2024
6,1224,32.0,0.026143790849673203,0.20382165605095542,06,2024
7,2030,17.0,0.008374384236453201,0.10828025477707007,06,2024
8,2167,0.0,0.0,0.0,06,2024
9,1726,0.0,0.0,0.0,06,2024
10,1481,108.0,0.07292370020256583,0.6878980891719745,06,2024
1,64572,1498.0,0.023198909744161555,0.09780621572212066,07,2020
2,41341,3736.0,0.0903703345347234,0.24392791851658396,07,2020
3,29869,566.0,0.018949412434296427,0.036954818490467486,07,2020
4,23699,5213.0,0.21996708721886998,0.34036301906503,07,2020
5,25467,2286.0,0.08976322299446342,0.14925568033429093,07,2020
6,18424,1238.0,0.06719496309161962,0.08083050404805432,07,2020
7,12662,779.0,0.06152266624545885,0.0508618438234526,07,2020
8,5175,0.0,0.0,0.0,07,2020
9,7448,0.0,0.0,0.0,07,2020
10,1976,0.0,0.0,0.0,07,2020
1,51074,0.0,0.0,0.0,07,2022
2,45929,695.0,0.01513205164493022,0.14294529000411355,07,2022
3,26115,590.0,0.022592379858318974,0.12134923899629782,07,2022
4,20607,930.0,0.045130295530644925,0.19127930892636774,07,2022
5,15121,551.0,0.036439388929303616,0.11332784862196627,07,2022
6,12507,695.0,0.055568881426401213,0.14294529000411355,07,2022
7,9303,626.0,0.0672901214661937,0.12875359934183464,07,2022
8,10951,0.0,0.0,0.0,07,2022
9,4920,0.0,0.0,0.0,07,2022
10,5873,775.0,0.1319598161076111,0.15939942410530647,07,2022
1,81803,0.0,0.0,0.0,07,2024
2,44670,0.0,0.0,0.0,07,2024
3,29935,732.0,0.02445298145982963,1.0,07,2024
4,26181,0.0,0.0,0.0,07,2024
5,21307,0.0,0.0,0.0,07,2024
6,15147,0.0,0.0,0.0,07,2024
7,8822,0.0,0.0,0.0,07,2024
8,10213,0.0,0.0,0.0,07,2024
9,8774,0.0,0.0,0.0,07,2024
10,5199,0.0,0.0,0.0,07,2024
1,9704,0.0,0.0,0.0,08,2020
2,8030,0.0,0.0,0.0,08,2020
3,12553,104.0,0.008284872142117422,0.10297029702970296,08,2020
4,14904,112.0,0.007514761137949544,0.11089108910891089,08,2020
5,16062,0.0,0.0,0.0,08,2020
6,21139,196.0,0.009271961776810634,0.19405940594059407,08,2020
7,24781,263.0,0.010612969613817037,0.2603960396039604,08,2020
8,15295,0.0,0.0,0.0,08,2020
9,15533,335.0,0.021566986416017512,0.3316831683168317,08,2020
10,16106,0.0,0.0,0.0,08,2020
1,6739,0.0,0.0,0.0,08,2022
2,7856,0.0,0.0,0.0,08,2022
3,12381,71.0,0.005734593328487198,0.2508833922261484,08,2022
4,12897,0.0,0.0,0.0,08,2022
5,15406,115.0,0.0074646241724003635,0.40636042402826855,08,2022
6,16758,0.0,0.0,0.0,08,2022
7,18132,97.0,0.005349658063092875,0.34275618374558303,08,2022
8,15165,0.0,0.0,0.0,08,2022
9,21494,0.0,0.0,0.0,08,2022
10,17850,0.0,0.0,0.0,08,2022
1,5658,0.0,0.0,0.0,08,2024
2,6648,0.0,0.0,0.0,08,2024
3,9020,0.0,0.0,0.0,08,2024
4,8684,0.0,0.0,0.0,08,2024
5,11161,0.0,0.0,0.0,08,2024
6,16901,0.0,0.0,0.0,08,2024
7,21799,0.0,0.0,0.0,08,2024
8,16718,0.0,0.0,0.0,08,2024
9,16244,102.0,0.00627924156611672,1.0,08,2024
10,12634,0.0,0.0,0.0,08,2024
1,18696,0.0,0.0,0.0,09,2020
2,21471,0.0,0.0,0.0,09,2020
3,32097,0.0,0.0,0.0,09,2020
4,37570,0.0,0.0,0.0,09,2020
5,41349,0.0,0.0,0.0,09,2020
6,32786,0.0,0.0,0.0,09,2020
7,31697,0.0,0.0,0.0,09,2020
8,54963,2524.0,0.04592180193948656,0.6491769547325102,09,2020
9,52530,1364.0,0.025966114601180278,0.3508230452674897,09,2020
10,27976,0.0,0.0,0.0,09,2020
1,7768,0.0,0.0,0.0,09,2022
2,13094,0.0,0.0,0.0,09,2022
3,22587,0.0,0.0,0.0,09,2022
4,27696,0.0,0.0,0.0,09,2022
5,27245,0.0,0.0,0.0,09,2022
6,38274,32.0,0.000836076710038146,0.016976127320954906,09,2022
7,39202,1853.0,0.047267996530789246,0.9830238726790451,09,2022
8,36096,0.0,0.0,0.0,09,2022
9,38444,0.0,0.0,0.0,09,2022
10,30471,0.0,0.0,0.0,09,2022
1,8121,0.0,0.0,0.0,09,2024
2,16485,0.0,0.0,0.0,09,2024
3,22103,0.0,0.0,0.0,09,2024
4,13573,0.0,0.0,0.0,09,2024
5,35822,0.0,0.0,0.0,09,2024
6,28531,0.0,0.0,0.0,09,2024
7,31307,0.0,0.0,0.0,09,2024
8,29685,0.0,0.0,0.0,09,2024
9,31727,0.0,0.0,0.0,09,2024
10,20841,0.0,0.0,0.0,09,2024
1,6659,132.0,0.019822796215647996,0.18057455540355677,10,2020
2,7015,0.0,0.0,0.0,10,2020
3,5565,0.0,0.0,0.0,10,2020
4,10060,0.0,0.0,0.0,10,2020
5,8845,0.0,0.0,0.0,10,2020
6,8295,132.0,0.015913200723327307,0.18057455540355677,10,2020
7,7536,215.0,0.02852972399150743,0.29411764705882354,10,2020
8,6980,252.0,0.03610315186246418,0.3447332421340629,10,2020
9,8600,0.0,0.0,0.0,10,2020
10,4198,0.0,0.0,0.0,10,2020
1,7540,108.0,0.014323607427055704,0.0590486604702023,10,2022
2,7948,354.0,0.044539506794162055,0.1935483870967742,10,2022
3,8659,254.0,0.02933364129807137,0.1388737014762165,10,2022
4,10140,526.0,0.05187376725838264,0.2875888463641334,10,2022
5,8539,121.0,0.014170277550064411,0.0661563696008748,10,2022
6,6159,231.0,0.03750608865075499,0.12629852378348824,10,2022
7,5949,0.0,0.0,0.0,10,2022
8,7798,235.0,0.030135932290330854,0.12848551120831056,10,2022
9,6564,0.0,0.0,0.0,10,2022
10,3705,0.0,0.0,0.0,10,2022
1,5543,0.0,0.0,0.0,10,2024
2,6366,0.0,0.0,0.0,10,2024
3,8414,0.0,0.0,0.0,10,2024
4,7852,260.0,0.033112582781456956,0.7202216066481995,10,2024
5,8517,0.0,0.0,0.0,10,2024
6,10723,0.0,0.0,0.0,10,2024
7,7375,0.0,0.0,0.0,10,2024
8,5894,0.0,0.0,0.0,10,2024
9,5382,0.0,0.0,0.0,10,2024
10,3770,101.0,0.026790450928381962,0.27977839335180055,10,2024
1,19063,0.0,0.0,0.0,11,2020
2,26335,0.0,0.0,0.0,11,2020
3,28433,0.0,0.0,0.0,11,2020
4,34035,0.0,0.0,0.0,11,2020
5,39597,0.0,0.0,0.0,11,2020
6,31771,0.0,0.0,0.0,11,2020
7,34516,0.0,0.0,0.0,11,2020
8,26939,0.0,0.0,0.0,11,2020
9,27254,289.0,0.010603948044323769,0.3211111111111111,11,2020
10,23003,611.0,0.026561752814850237,0.6788888888888889,11,2020
1,18008,0.0,0.0,0.0,11,2022
2,22522,0.0,0.0,0.0,11,2022
3,31991,0.0,0.0,0.0,11,2022
4,27648,0.0,0.0,0.0,11,2022
5,25581,273.0,0.010671983112466284,0.13787878787878788,11,2022
6,33335,299.0,0.00896955152242388,0.151010101010101,11,2022
7,35759,0.0,0.0,0.0,11,2022
8,14447,0.0,0.0,0.0,11,2022
9,22898,1408.0,0.0614900864704341,0.7111111111111111,11,2022
10,8995,0.0,0.0,0.0,11,2022
1,10586,0.0,0.0,0.0,11,2024
2,26858,0.0,0.0,0.0,11,2024
3,33197,0.0,0.0,0.0,11,2024
4,22716,0.0,0.0,0.0,11,2024
5,29032,0.0,0.0,0.0,11,2024
6,33290,279.0,0.008380895163712827,1.0,11,2024
7,23265,0.0,0.0,0.0,11,2024
8,26193,0.0,0.0,0.0,11,2024
9,20096,0.0,0.0,0.0,11,2024
10,13826,0.0,0.0,0.0,11,2024
1,30236,312.0,0.010318825241434052,0.032811021137869385,12,2020
2,35390,1236.0,0.03492512009042102,0.12998212220002103,12,2020
3,21626,2257.0,0.10436511606399704,0.23735408560311283,12,2020
4,13547,240.0,0.017716099505425555,0.025239247029130298,12,2020
5,12792,1028.0,0.08036272670419012,0.10810810810810811,12,2020
6,14785,868.0,0.05870815015218127,0.09128194342202124,12,2020
7,11743,1487.0,0.12662862982202164,0.1563781680513198,12,2020
8,8456,1229.0,0.14534058656575213,0.12924597749500474,12,2020
9,9565,306.0,0.0319916361735494,0.03218003996214113,12,2020
10,6668,546.0,0.08188362327534493,0.057419286991271426,12,2020
1,29615,0.0,0.0,0.0,12,2022
2,25757,0.0,0.0,0.0,12,2022
3,21698,1138.0,0.0524472301594617,0.2878098128477491,12,2022
4,12833,391.0,0.0304683238525676,0.09888720283257461,12,2022
5,13664,275.0,0.020125878220140517,0.069549822964087,12,2022
6,14224,1233.0,0.08668447694038245,0.3118361153262519,12,2022
7,8135,502.0,0.06170866625691457,0.12696004046535153,12,2022
8,4472,0.0,0.0,0.0,12,2022
9,4454,415.0,0.09317467444993265,0.10495700556398584,12,2022
10,3719,0.0,0.0,0.0,12,2022
1,29043,0.0,0.0,0.0,12,2024
2,21429,0.0,0.0,0.0,12,2024
3,14487,316.0,0.02181265962587147,0.1111111111111111,12,2024
4,13409,316.0,0.023566261466179433,0.1111111111111111,12,2024
5,10359,0.0,0.0,0.0,12,2024
6,7580,453.0,0.05976253298153034,0.15928270042194093,12,2024
7,5674,0.0,0.0,0.0,12,2024
8,5435,832.0,0.153081876724931,0.29254571026722925,12,2024
9,3286,492.0,0.14972611077297626,0.1729957805907173,12,2024
10,3745,435.0,0.11615487316421896,0.1529535864978903,12,2024
1,10328,0.0,0.0,0.0,13,2020
2,14121,0.0,0.0,0.0,13,2020
3,22017,394.0,0.017895262751510196,0.19351669941060903,13,2020
4,17078,332.0,0.019440215481906546,0.16306483300589392,13,2020
5,13720,602.0,0.04387755102040816,0.2956777996070727,13,2020
6,16141,354.0,0.021931726658819158,0.1738703339882122,13,2020
7,12924,354.0,0.027390900649953576,0.1738703339882122,13,2020
8,10187,0.0,0.0,0.0,13,2020
9,10795,0.0,0.0,0.0,13,2020
10,5074,0.0,0.0,0.0,13,2020
1,10379,0.0,0.0,0.0,13,2022
2,11440,0.0,0.0,0.0,13,2022
3,11818,0.0,0.0,0.0,13,2022
4,11314,0.0,0.0,0.0,13,2022
5,7288,0.0,0.0,0.0,13,2022
6,10390,453.0,0.04359961501443696,1.0,13,2022
7,13310,0.0,0.0,0.0,13,2022
8,7361,0.0,0.0,0.0,13,2022
9,10177,0.0,0.0,0.0,13,2022
10,4682,0.0,0.0,0.0,13,2022
1,9431,0.0,0.0,0.0,13,2024
2,18062,0.0,0.0,0.0,13,2024
3,10644,0.0,0.0,0.0,13,2024
4,14589,0.0,0.0,0.0,13,2024
5,11583,0.0,0.0,0.0,13,2024
6,12947,0.0,0.0,0.0,13,2024
7,9552,0.0,0.0,0.0,13,2024
8,6192,0.0,0.0,0.0,13,2024
9,5036,0.0,0.0,0.0,13,2024
10,3186,0.0,0.0,0.0,13,2024
1,6569,0.0,0.0,0.0,14,2020
2,20958,0.0,0.0,0.0,14,2020
3,40695,0.0,0.0,0.0,14,2020
4,47355,0.0,0.0,0.0,14,2020
5,43135,0.0,0.0,0.0,14,2020
6,42136,0.0,0.0,0.0,14,2020
7,44863,0.0,0.0,0.0,14,2020
8,38460,0.0,0.0,0.0,14,2020
9,37375,0.0,0.0,0.0,14,2020
10,34584,0.0,0.0,0.0,14,2020
1,5726,0.0,0.0,0.0,14,2022
2,21020,0.0,0.0,0.0,14,2022
3,23414,0.0,0.0,0.0,14,2022
4,23569,0.0,0.0,0.0,14,2022
5,33492,0.0,0.0,0.0,14,2022
6,32757,0.0,0.0,0.0,14,2022
7,26045,0.0,0.0,0.0,14,2022
8,38872,0.0,0.0,0.0,14,2022
9,37918,961.0,0.02534416372171528,1.0,14,2022
10,24201,0.0,0.0,0.0,14,2022
1,16644,0.0,0.0,0.0,14,2024
2,24714,0.0,0.0,0.0,14,2024
3,24028,0.0,0.0,0.0,14,2024
4,34890,0.0,0.0,0.0,14,2024
5,26456,0.0,0.0,0.0,14,2024
6,25147,0.0,0.0,0.0,14,2024
7,27001,0.0,0.0,0.0,14,2024
8,28125,0.0,0.0,0.0,14,2024
9,35979,0.0,0.0,0.0,14,2024
10,16241,0.0,0.0,0.0,14,2024
1,57789,0.0,0.0,0.0,15,2020
2,72040,0.0,0.0,0.0,15,2020
3,81519,0.0,0.0,0.0,15,2020
4,72222,0.0,0.0,0.0,15,2020
5,92649,0.0,0.0,0.0,15,2020
6,118631,2004.0,0.016892717755055593,0.3706306639541335,15,2020
7,94351,0.0,0.0,0.0,15,2020
8,94256,3141.0,0.03332413851638092,0.5809136304790087,15,2020
9,69866,0.0,0.0,0.0,15,2020
10,26833,262.0,0.009764096448403085,0.04845570556685778,15,2020
1,30900,0.0,0.0,0.0,15,2022
2,100881,1846.0,0.01829878768053449,0.6981845688350984,15,2022
3,78170,352.0,0.004503006268389407,0.13313161875945537,15,2022
4,113433,0.0,0.0,0.0,15,2022
5,80753,0.0,0.0,0.0,15,2022
6,70820,0.0,0.0,0.0,15,2022
7,77191,0.0,0.0,0.0,15,2022
8,54000,446.0,0.00825925925925926,0.1686838124054463,15,2022
9,40219,0.0,0.0,0.0,15,2022
10,32938,0.0,0.0,0.0,15,2022
1,16473,0.0,0.0,0.0,15,2024
2,63351,0.0,0.0,0.0,15,2024
3,94474,337.0,0.0035671189957025215,0.20047590719809638,15,2024
4,85247,0.0,0.0,0.0,15,2024
5,67912,0.0,0.0,0.0,15,2024
6,67722,0.0,0.0,0.0,15,2024
7,60852,0.0,0.0,0.0,15,2024
8,62802,929.0,0.014792522531129582,0.552647233789411,15,2024
9,49939,415.0,0.008310138368809948,0.24687685901249257,15,2024
10,30021,0.0,0.0,0.0,15,2024
1,11152,0.0,0.0,0.0,16,2020
2,20024,650.0,0.03246104674390731,0.21103896103896103,16,2020
3,22228,0.0,0.0,0.0,16,2020
4,28731,0.0,0.0,0.0,16,2020
5,21203,0.0,0.0,0.0,16,2020
6,19853,1224.0,0.06165315065733139,0.3974025974025974,16,2020
7,17210,0.0,0.0,0.0,16,2020
8,16993,0.0,0.0,0.0,16,2020
9,17320,1206.0,0.06963048498845266,0.39155844155844155,16,2020
10,14186,0.0,0.0,0.0,16,2020
1,15272,0.0,0.0,0.0,16,2022
2,25677,0.0,0.0,0.0,16,2022
3,28905,0.0,0.0,0.0,16,2022
4,19899,740.0,0.03718779838182823,0.22023809523809523,16,2022
5,17892,0.0,0.0,0.0,16,2022
6,21231,577.0,0.02717724082709246,0.17172619047619048,16,2022
7,17072,2043.0,0.11966963448922212,0.6080357142857142,16,2022
8,10985,0.0,0.0,0.0,16,2022
9,11512,0.0,0.0,0.0,16,2022
10,6463,0.0,0.0,0.0,16,2022
1,14123,0.0,0.0,0.0,16,2024
2,17730,0.0,0.0,0.0,16,2024
3,22720,0.0,0.0,0.0,16,2024
4,27326,585.0,0.021408182683158895,0.5566127497621313,16,2024
5,17292,466.0,0.026948878093916263,0.4433872502378687,16,2024
6,12268,0.0,0.0,0.0,16,2024
7,11668,0.0,0.0,0.0,16,2024
8,20518,0.0,0.0,0.0,16,2024
9,13692,0.0,0.0,0.0,16,2024
10,7043,0.0,0.0,0.0,16,2024
1,6746,150.0,0.02223539875481767,0.10013351134846461,17,2020
2,12095,0.0,0.0,0.0,17,2020
3,9207,83.0,0.009014879982621918,0.05540720961281709,17,2020
4,6890,264.0,0.038316400580551524,0.17623497997329773,17,2020
5,8440,490.0,0.058056872037914695,0.32710280373831774,17,2020
6,5131,0.0,0.0,0.0,17,2020
7,9898,0.0,0.0,0.0,17,2020
8,9052,140.0,0.015466195315952275,0.09345794392523364,17,2020
9,5218,371.0,0.07110003832886164,0.24766355140186916,17,2020
10,2695,0.0,0.0,0.0,17,2020
1,3098,0.0,0.0,0.0,17,2022
2,8106,0.0,0.0,0.0,17,2022
3,10703,619.0,0.057834252078856396,0.4263085399449036,17,2022
4,10402,0.0,0.0,0.0,17,2022
5,6151,278.0,0.04519590310518615,0.19146005509641872,17,2022
6,6773,248.0,0.03661597519562971,0.17079889807162535,17,2022
7,6416,0.0,0.0,0.0,17,2022
8,4087,307.0,0.07511622216784927,0.21143250688705234,17,2022
9,4838,0.0,0.0,0.0,17,2022
10,3050,0.0,0.0,0.0,17,2022
1,4951,0.0,0.0,0.0,17,2024
2,7085,0.0,0.0,0.0,17,2024
3,11732,0.0,0.0,0.0,17,2024
4,8894,269.0,0.030245109062289183,0.1271266540642722,17,2024
5,7404,338.0,0.045650999459751485,0.15973534971644612,17,2024
6,8287,538.0,0.06492096054060577,0.2542533081285444,17,2024
7,5115,0.0,0.0,0.0,17,2024
8,7205,0.0,0.0,0.0,17,2024
9,5164,971.0,0.18803253292021688,0.45888468809073724,17,2024
10,2085,0.0,0.0,0.0,17,2024
1,1559,0.0,0.0,0.0,18,2020
2,4215,178.0,0.04223013048635824,0.10130904951622083,18,2020
3,3244,0.0,0.0,0.0,18,2020
4,4606,180.0,0.03907946157186279,0.10244735344336937,18,2020
5,4980,0.0,0.0,0.0,18,2020
6,4647,324.0,0.0697224015493867,0.18440523619806487,18,2020
7,5771,170.0,0.02945763299254895,0.09675583380762663,18,2020
8,4934,534.0,0.10822861775435752,0.3039271485486625,18,2020
9,4080,0.0,0.0,0.0,18,2020
10,2972,371.0,0.12483176312247644,0.21115537848605578,18,2020
1,3784,0.0,0.0,0.0,18,2022
2,3280,0.0,0.0,0.0,18,2022
3,4337,0.0,0.0,0.0,18,2022
4,3987,0.0,0.0,0.0,18,2022
5,4888,167.0,0.03416530278232406,0.14804964539007093,18,2022
6,5688,218.0,0.038326300984528834,0.19326241134751773,18,2022
7,4166,0.0,0.0,0.0,18,2022
8,5598,551.0,0.09842801000357271,0.48847517730496454,18,2022
9,3082,0.0,0.0,0.0,18,2022
10,2219,192.0,0.08652546191978369,0.1702127659574468,18,2022
1,2328,0.0,0.0,0.0,18,2024
2,2470,0.0,0.0,0.0,18,2024
3,3739,0.0,0.0,0.0,18,2024
4,4765,0.0,0.0,0.0,18,2024
5,4735,190.0,0.04012671594508976,0.49222797927461137,18,2024
6,6206,0.0,0.0,0.0,18,2024
7,3871,196.0,0.05063291139240506,0.5077720207253886,18,2024
8,2541,0.0,0.0,0.0,18,2024
9,2854,0.0,0.0,0.0,18,2024
10,1648,0.0,0.0,0.0,18,2024
1,2883,0.0,0.0,0.0,19,2020
2,9656,0.0,0.0,0.0,19,2020
3,15741,0.0,0.0,0.0,19,2020
4,26265,0.0,0.0,0.0,19,2020
5,22568,0.0,0.0,0.0,19,2020
6,26256,760.0,0.02894576477757465,0.4960835509138381,19,2020
7,31310,105.0,0.00335356116256787,0.0685378590078329,19,2020
8,38577,586.0,0.015190398423931358,0.3825065274151436,19,2020
9,37649,81.0,0.0021514515657786396,0.05287206266318538,19,2020
10,25077,0.0,0.0,0.0,19,2020
1,5136,0.0,0.0,0.0,19,2022
2,9554,0.0,0.0,0.0,19,2022
3,19271,0.0,0.0,0.0,19,2022
4,20945,0.0,0.0,0.0,19,2022
5,23072,0.0,0.0,0.0,19,2022
6,22764,0.0,0.0,0.0,19,2022
7,30139,0.0,0.0,0.0,19,2022
8,29211,0.0,0.0,0.0,19,2022
9,27065,0.0,0.0,0.0,19,2022
10,21826,0.0,0.0,0.0,19,2022
1,5373,0.0,0.0,0.0,19,2024
2,15312,0.0,0.0,0.0,19,2024
3,15841,0.0,0.0,0.0,19,2024
4,21296,0.0,0.0,0.0,19,2024
5,24507,0.0,0.0,0.0,19,2024
6,21323,0.0,0.0,0.0,19,2024
7,32458,0.0,0.0,0.0,19,2024
8,37027,0.0,0.0,0.0,19,2024
9,22448,45.0,0.0020046329294369208,1.0,19,2024
10,27858,0.0,0.0,0.0,19,2024
1,25404,0.0,0.0,0.0,20,2020
2,16582,0.0,0.0,0.0,20,2020
3,18621,422.0,0.02266258525320874,0.08462001203128133,20,2020
4,17697,1104.0,0.062383454822851334,0.22137557649889714,20,2020
5,15147,467.0,0.030831187693932793,0.09364347302987769,20,2020
6,15754,546.0,0.03465786466929034,0.10948466011630238,20,2020
7,10347,1023.0,0.09886923746013337,0.2051333467014237,20,2020
8,11329,588.0,0.05190219789919675,0.11790655704832564,20,2020
9,8452,499.0,0.059039280643634645,0.1000601564066573,20,2020
10,5491,338.0,0.06155527226370424,0.06777621816723481,20,2020
1,29628,413.0,0.013939516673417038,0.18396436525612472,20,2022
2,21591,470.0,0.021768329396507805,0.20935412026726058,20,2022
3,17768,568.0,0.031967582170193604,0.25300668151447664,20,2022
4,14280,0.0,0.0,0.0,20,2022
5,18877,291.0,0.015415585103565185,0.12962138084632516,20,2022
6,12289,0.0,0.0,0.0,20,2022
7,10260,0.0,0.0,0.0,20,2022
8,8497,0.0,0.0,0.0,20,2022
9,8208,503.0,0.06128167641325536,0.22405345211581293,20,2022
10,1688,0.0,0.0,0.0,20,2022
1,33718,0.0,0.0,0.0,20,2024
2,21020,0.0,0.0,0.0,20,2024
3,12763,0.0,0.0,0.0,20,2024
4,15033,0.0,0.0,0.0,20,2024
5,15039,0.0,0.0,0.0,20,2024
6,12439,0.0,0.0,0.0,20,2024
7,11866,0.0,0.0,0.0,20,2024
8,9522,0.0,0.0,0.0,20,2024
9,6728,0.0,0.0,0.0,20,2024
10,3738,0.0,0.0,0.0,20,2024
1,33300,0.0,0.0,0.0,21,2020
2,31762,0.0,0.0,0.0,21,2020
3,31328,0.0,0.0,0.0,21,2020
4,40962,0.0,0.0,0.0,21,2020
5,24153,381.0,0.015774437958017636,1.0,21,2020
6,24934,0.0,0.0,0.0,21,2020
7,21926,0.0,0.0,0.0,21,2020
8,27559,0.0,0.0,0.0,21,2020
9,15051,0.0,0.0,0.0,21,2020
10,14404,0.0,0.0,0.0,21,2020
1,18948,0.0,0.0,0.0,21,2022
2,37691,0.0,0.0,0.0,21,2022
3,23618,0.0,0.0,0.0,21,2022
4,18999,0.0,0.0,0.0,21,2022
5,21527,0.0,0.0,0.0,21,2022
6,21076,0.0,0.0,0.0,21,2022
7,25990,0.0,0.0,0.0,21,2022
8,21271,0.0,0.0,0.0,21,2022
9,12201,0.0,0.0,0.0,21,2022
10,5931,0.0,0.0,0.0,21,2022
1,24042,0.0,0.0,0.0,21,2024
2,46408,0.0,0.0,0.0,21,2024
3,32415,0.0,0.0,0.0,21,2024
4,26447,0.0,0.0,0.0,21,2024
5,22900,0.0,0.0,0.0,21,2024
6,24261,0.0,0.0,0.0,21,2024
7,24502,0.0,0.0,0.0,21,2024
8,21133,0.0,0.0,0.0,21,2024
9,11784,0.0,0.0,0.0,21,2024
10,7373,0.0,0.0,0.0,21,2024
1,3360,0.0,0.0,0.0,22,2020
2,4614,0.0,0.0,0.0,22,2020
3,8249,97.0,0.011759001091041337,0.14057971014492754,22,2020
4,9794,0.0,0.0,0.0,22,2020
5,8898,83.0,0.009327938862665768,0.12028985507246377,22,2020
6,12184,114.0,0.009356533158240315,0.16521739130434782,22,2020
7,11060,123.0,0.01112115732368897,0.1782608695652174,22,2020
8,12007,183.0,0.015241109352877489,0.26521739130434785,22,2020
9,12224,90.0,0.007362565445026178,0.13043478260869565,22,2020
10,9715,0.0,0.0,0.0,22,2020
1,2405,0.0,0.0,0.0,22,2022
2,6344,0.0,0.0,0.0,22,2022
3,7912,0.0,0.0,0.0,22,2022
4,9972,0.0,0.0,0.0,22,2022
5,9497,0.0,0.0,0.0,22,2022
6,9817,0.0,0.0,0.0,22,2022
7,9420,232.0,0.024628450106157114,0.6843657817109144,22,2022
8,12833,0.0,0.0,0.0,22,2022
9,15860,107.0,0.006746532156368222,0.31563421828908556,22,2022
10,6422,0.0,0.0,0.0,22,2022
1,2580,0.0,0.0,0.0,22,2024
2,7696,0.0,0.0,0.0,22,2024
3,8039,0.0,0.0,0.0,22,2024
4,6788,0.0,0.0,0.0,22,2024
5,6497,0.0,0.0,0.0,22,2024
6,9856,56.0,0.005681818181818182,0.2962962962962963,22,2024
7,8451,0.0,0.0,0.0,22,2024
8,10709,0.0,0.0,0.0,22,2024
9,7887,57.0,0.0072270825408900724,0.30158730158730157,22,2024
10,8870,76.0,0.008568207440811725,0.4021164021164021,22,2024
1,9764,0.0,0.0,0.0,23,2020
2,10689,887.0,0.08298250537936196,0.41045812124016656,23,2020
3,9806,124.0,0.012645319192331226,0.05738084220268394,23,2020
4,10700,107.0,0.01,0.04951411383618695,23,2020
5,12628,0.0,0.0,0.0,23,2020
6,9930,455.0,0.04582074521651561,0.2105506709856548,23,2020
7,12292,0.0,0.0,0.0,23,2020
8,9502,251.0,0.026415491475478847,0.11614993058769088,23,2020
9,7941,0.0,0.0,0.0,23,2020
10,6786,337.0,0.04966106690244621,0.15594632114761683,23,2020
1,1662,0.0,0.0,0.0,23,2022
2,3185,128.0,0.040188383045525904,0.0736902705814623,23,2022
3,5763,128.0,0.022210654173173694,0.0736902705814623,23,2022
4,8445,140.0,0.016577856719952634,0.08059873344847437,23,2022
5,5028,0.0,0.0,0.0,23,2022
6,7238,160.0,0.022105554020447636,0.09211283822682786,23,2022
7,10261,428.0,0.04171133417795537,0.24640184225676454,23,2022
8,8464,230.0,0.02717391304347826,0.13241220495106507,23,2022
9,9074,133.0,0.014657262508265373,0.07656879677605066,23,2022
10,7854,390.0,0.04965622612681436,0.22452504317789293,23,2022
1,2128,0.0,0.0,0.0,23,2024
2,4189,138.0,0.032943423251372644,0.13636363636363635,23,2024
3,7277,409.0,0.05620447986807751,0.4041501976284585,23,2024
4,4719,109.0,0.023098114007204917,0.10770750988142293,23,2024
5,5375,138.0,0.025674418604651163,0.13636363636363635,23,2024
6,8591,0.0,0.0,0.0,23,2024
7,10847,0.0,0.0,0.0,23,2024
8,9028,0.0,0.0,0.0,23,2024
9,10164,109.0,0.010724124360487997,0.10770750988142293,23,2024
10,4181,109.0,0.026070318105716337,0.10770750988142293,23,2024
1,10943,0.0,0.0,0.0,24,2020
2,14683,0.0,0.0,0.0,24,2020
3,11647,0.0,0.0,0.0,24,2020
4,10112,219.0,0.02165743670886076,0.22278738555442523,24,2020
5,13036,0.0,0.0,0.0,24,2020
6,12057,0.0,0.0,0.0,24,2020
7,14629,764.0,0.05222503246975186,0.7772126144455748,24,2020
8,11100,0.0,0.0,0.0,24,2020
9,13877,0.0,0.0,0.0,24,2020
10,11860,0.0,0.0,0.0,24,2020
1,15529,0.0,0.0,0.0,24,2022
2,13742,382.0,0.027797991558725078,1.0,24,2022
3,10818,0.0,0.0,0.0,24,2022
4,13045,0.0,0.0,0.0,24,2022
5,10412,0.0,0.0,0.0,24,2022
6,11373,0.0,0.0,0.0,24,2022
7,9138,0.0,0.0,0.0,24,2022
8,8149,0.0,0.0,0.0,24,2022
9,13594,0.0,0.0,0.0,24,2022
10,5875,0.0,0.0,0.0,24,2022
1,16735,0.0,0.0,0.0,24,2024
2,12120,0.0,0.0,0.0,24,2024
3,13155,0.0,0.0,0.0,24,2024
4,11284,0.0,0.0,0.0,24,2024
5,11421,218.0,0.019087645565186936,0.35973597359735976,24,2024
6,11674,0.0,0.0,0.0,24,2024
7,7412,191.0,0.02576902320561252,0.31518151815181517,24,2024
8,7139,0.0,0.0,0.0,24,2024
9,8554,197.0,0.02303016132803367,0.3250825082508251,24,2024
10,4377,0.0,0.0,0.0,24,2024
1,3081,0.0,0.0,0.0,25,2020
2,7276,0.0,0.0,0.0,25,2020
3,9765,0.0,0.0,0.0,25,2020
4,9196,0.0,0.0,0.0,25,2020
5,16134,0.0,0.0,0.0,25,2020
6,12908,355.0,0.027502324140068174,0.3293135435992579,25,2020
7,15811,0.0,0.0,0.0,25,2020
8,13560,319.0,0.023525073746312686,0.29591836734693877,25,2020
9,21218,205.0,0.009661608068620983,0.1901669758812616,25,2020
10,10861,199.0,0.01832243808120799,0.18460111317254174,25,2020
1,4629,0.0,0.0,0.0,25,2022
2,3637,0.0,0.0,0.0,25,2022
3,7836,0.0,0.0,0.0,25,2022
4,10057,0.0,0.0,0.0,25,2022
5,14695,0.0,0.0,0.0,25,2022
6,15423,217.0,0.014069895610451922,0.26144578313253014,25,2022
7,16375,239.0,0.014595419847328244,0.28795180722891567,25,2022
8,11223,374.0,0.03332442305978794,0.4506024096385542,25,2022
9,13808,0.0,0.0,0.0,25,2022
10,10297,0.0,0.0,0.0,25,2022
1,3187,0.0,0.0,0.0,25,2024
2,7991,0.0,0.0,0.0,25,2024
3,9160,0.0,0.0,0.0,25,2024
4,14999,0.0,0.0,0.0,25,2024
5,13720,0.0,0.0,0.0,25,2024
6,12143,0.0,0.0,0.0,25,2024
7,17330,0.0,0.0,0.0,25,2024
8,14058,0.0,0.0,0.0,25,2024
9,16089,0.0,0.0,0.0,25,2024
10,9071,0.0,0.0,0.0,25,2024
1,5838,0.0,0.0,0.0,26,2020
2,4634,0.0,0.0,0.0,26,2020
3,12009,412.0,0.03430760263135981,1.0,26,2020
4,9726,0.0,0.0,0.0,26,2020
5,11633,0.0,0.0,0.0,26,2020
6,14911,0.0,0.0,0.0,26,2020
7,14611,0.0,0.0,0.0,26,2020
8,14653,0.0,0.0,0.0,26,2020
9,15629,0.0,0.0,0.0,26,2020
10,13637,0.0,0.0,0.0,26,2020
1,2676,0.0,0.0,0.0,26,2022
2,7627,0.0,0.0,0.0,26,2022
3,6696,0.0,0.0,0.0,26,2022
4,9364,0.0,0.0,0.0,26,2022
5,8146,0.0,0.0,0.0,26,2022
6,6964,0.0,0.0,0.0,26,2022
7,12599,0.0,0.0,0.0,26,2022
8,12566,0.0,0.0,0.0,26,2022
9,10644,0.0,0.0,0.0,26,2022
10,10547,523.0,0.04958756044372807,1.0,26,2022
1,3691,0.0,0.0,0.0,26,2024
2,5056,0.0,0.0,0.0,26,2024
3,6941,0.0,0.0,0.0,26,2024
4,11841,0.0,0.0,0.0,26,2024
5,9089,0.0,0.0,0.0,26,2024
6,11543,0.0,0.0,0.0,26,2024
7,10269,0.0,0.0,0.0,26,2024
8,12179,765.0,0.06281303883734297,1.0,26,2024
9,16369,0.0,0.0,0.0,26,2024
10,13723,0.0,0.0,0.0,26,2024
1,10049,0.0,0.0,0.0,27,2020
2,16246,2273.0,0.13991136279699617,0.19472286473057482,27,2020
3,15262,358.0,0.02345695190669637,0.030669065364516405,27,2020
4,13067,699.0,0.053493533328231424,0.05988177846312002,27,2020
5,11335,1039.0,0.09166299073665637,0.08900882378137583,27,2020
6,13041,2686.0,0.20596580016869873,0.23010365801422086,27,2020
7,6171,673.0,0.10905849943283098,0.057654416174076926,27,2020
8,5631,1849.0,0.328360859527615,0.15839972586310289,27,2020
9,7584,1864.0,0.24578059071729957,0.15968474256832005,27,2020
10,5193,232.0,0.04467552474484884,0.019874925040692194,27,2020
1,10582,0.0,0.0,0.0,27,2022
2,11669,0.0,0.0,0.0,27,2022
3,9813,351.0,0.035768878018954446,0.07174979558462796,27,2022
4,12010,353.0,0.02939217318900916,0.07215862632869992,27,2022
5,8462,1146.0,0.13542897660127629,0.23426001635322977,27,2022
6,7668,329.0,0.042905581637976004,0.06725265739983646,27,2022
7,4766,595.0,0.12484263533361309,0.12162714636140638,27,2022
8,7492,692.0,0.09236518953550454,0.14145543744889616,27,2022
9,7332,1426.0,0.1944899072558647,0.2914963205233034,27,2022
10,2376,0.0,0.0,0.0,27,2022
1,10450,0.0,0.0,0.0,27,2024
2,13746,234.0,0.017023134002618942,0.04634581105169341,27,2024
3,14405,731.0,0.050746268656716415,0.1447811447811448,27,2024
4,10307,463.0,0.04492092752498302,0.09170132699544464,27,2024
5,12439,304.0,0.02443926360639923,0.06020994256288374,27,2024
6,11065,2505.0,0.2263895164934478,0.49613784907902553,27,2024
7,8160,388.0,0.047549019607843135,0.07684690037631214,27,2024
8,8101,0.0,0.0,0.0,27,2024
9,6163,0.0,0.0,0.0,27,2024
10,3959,424.0,0.10709775195756505,0.08397702515349574,27,2024
1,9800,0.0,0.0,0.0,28,2020
2,15060,0.0,0.0,0.0,28,2020
3,17338,206.0,0.011881416541700312,0.06697009102730819,28,2020
4,13583,230.0,0.01693293086946919,0.07477243172951886,28,2020
5,14506,0.0,0.0,0.0,28,2020
6,19618,358.0,0.018248547252523194,0.11638491547464239,28,2020
7,20680,462.0,0.022340425531914895,0.15019505851755527,28,2020
8,10744,408.0,0.0379746835443038,0.13263979193758127,28,2020
9,11269,510.0,0.04525689945869198,0.16579973992197658,28,2020
10,13255,902.0,0.06804979253112033,0.29323797139141744,28,2020
1,11269,0.0,0.0,0.0,28,2022
2,10982,0.0,0.0,0.0,28,2022
3,15707,0.0,0.0,0.0,28,2022
4,11140,0.0,0.0,0.0,28,2022
5,8941,0.0,0.0,0.0,28,2022
6,15518,0.0,0.0,0.0,28,2022
7,18463,0.0,0.0,0.0,28,2022
8,18226,0.0,0.0,0.0,28,2022
9,18113,0.0,0.0,0.0,28,2022
10,11224,0.0,0.0,0.0,28,2022
1,6708,0.0,0.0,0.0,28,2024
2,7763,0.0,0.0,0.0,28,2024
3,16280,527.0,0.03237100737100737,0.2763502884111169,28,2024
4,14788,0.0,0.0,0.0,28,2024
5,18503,585.0,0.03161649462249365,0.3067645516518091,28,2024
6,15729,0.0,0.0,0.0,28,2024
7,13286,0.0,0.0,0.0,28,2024
8,17496,602.0,0.034407864654778235,0.3156790770844258,28,2024
9,14850,0.0,0.0,0.0,28,2024
10,11907,193.0,0.016208952716889224,0.10120608285264814,28,2024
1,7285,132.0,0.018119423472889497,0.12301957129543337,29,2020
2,8053,0.0,0.0,0.0,29,2020
3,6519,0.0,0.0,0.0,29,2020
4,7533,145.0,0.019248639320323908,0.13513513513513514,29,2020
5,7718,331.0,0.04288675822752008,0.3084808946877912,29,2020
6,5024,0.0,0.0,0.0,29,2020
7,6300,123.0,0.019523809523809523,0.11463187325256291,29,2020
8,4647,154.0,0.033139659995696145,0.1435228331780056,29,2020
9,4748,188.0,0.039595619208087615,0.17520969245107176,29,2020
10,1748,0.0,0.0,0.0,29,2020
1,4726,274.0,0.057977147693609815,0.22008032128514057,29,2022
2,6027,0.0,0.0,0.0,29,2022
3,7008,222.0,0.031678082191780824,0.1783132530120482,29,2022
4,6134,0.0,0.0,0.0,29,2022
5,5375,150.0,0.027906976744186046,0.12048192771084337,29,2022
6,5902,259.0,0.04388342934598441,0.20803212851405622,29,2022
7,4819,340.0,0.07055405685826935,0.27309236947791166,29,2022
8,4099,0.0,0.0,0.0,29,2022
9,996,0.0,0.0,0.0,29,2022
10,1788,0.0,0.0,0.0,29,2022
1,4880,0.0,0.0,0.0,29,2024
2,4422,0.0,0.0,0.0,29,2024
3,6195,0.0,0.0,0.0,29,2024
4,7218,227.0,0.031449154890551397,0.23945147679324894,29,2024
5,4169,0.0,0.0,0.0,29,2024
6,2691,95.0,0.03530286138981791,0.10021097046413502,29,2024
7,5878,0.0,0.0,0.0,29,2024
8,3647,211.0,0.05785577186728818,0.22257383966244726,29,2024
9,2826,415.0,0.14685067232837934,0.43776371308016876,29,2024
10,1539,0.0,0.0,0.0,29,2024
1,49462,726.0,0.01467793457603817,0.07703735144312394,30,2020
2,45938,615.0,0.013387609386564499,0.06525891341256367,30,2020
3,54117,3114.0,0.05754199234990853,0.33043293718166383,30,2020
4,40867,694.0,0.01698191695010644,0.07364176570458404,30,2020
5,47706,3119.0,0.06537961681968725,0.3309634974533107,30,2020
6,29689,572.0,0.0192663949610967,0.060696095076400676,30,2020
7,23523,0.0,0.0,0.0,30,2020
8,26693,584.0,0.021878395084853706,0.06196943972835314,30,2020
9,15793,0.0,0.0,0.0,30,2020
10,10443,0.0,0.0,0.0,30,2020
1,54811,0.0,0.0,0.0,30,2022
2,54970,0.0,0.0,0.0,30,2022
3,49338,751.0,0.01522153309822044,0.2338835253815011,30,2022
4,37713,0.0,0.0,0.0,30,2022
5,34449,1775.0,0.0515254434090975,0.552787293677982,30,2022
6,21228,685.0,0.032268701714716415,0.21332918094051698,30,2022
7,26326,0.0,0.0,0.0,30,2022
8,15971,0.0,0.0,0.0,30,2022
9,10966,0.0,0.0,0.0,30,2022
10,9576,0.0,0.0,0.0,30,2022
1,47337,0.0,0.0,0.0,30,2024
2,63668,569.0,0.008936985612866747,0.09271631090109174,30,2024
3,50929,4008.0,0.0786977949694673,0.6530878279289555,30,2024
4,33049,0.0,0.0,0.0,30,2024
5,29811,1037.0,0.03478581731575593,0.16897506925207756,30,2024
6,33776,523.0,0.015484367598294647,0.08522079191787518,30,2024
7,17774,0.0,0.0,0.0,30,2024
8,10071,0.0,0.0,0.0,30,2024
9,11147,0.0,0.0,0.0,30,2024
10,17211,0.0,0.0,0.0,30,2024
1,7426,91.0,0.012254241852949098,0.04478346456692913,31,2020
2,12554,352.0,0.02803887207264617,0.1732283464566929,31,2020
3,10394,89.0,0.00856263228785838,0.043799212598425195,31,2020
4,6370,0.0,0.0,0.0,31,2020
5,10464,81.0,0.007740825688073395,0.03986220472440945,31,2020
6,9627,258.0,0.02679962605172951,0.12696850393700787,31,2020
7,8564,109.0,0.012727697337692667,0.05364173228346457,31,2020
8,6176,559.0,0.09051165803108809,0.2750984251968504,31,2020
9,4338,0.0,0.0,0.0,31,2020
10,7770,493.0,0.06344916344916345,0.24261811023622049,31,2020
1,4458,0.0,0.0,0.0,31,2022
2,5698,256.0,0.044928044928044926,0.1671018276762402,31,2022
3,8010,0.0,0.0,0.0,31,2022
4,7196,299.0,0.041550861589772094,0.19516971279373369,31,2022
5,9558,0.0,0.0,0.0,31,2022
6,9519,221.0,0.02321672444584515,0.14425587467362924,31,2022
7,9039,0.0,0.0,0.0,31,2022
8,6188,194.0,0.03135100193923723,0.12663185378590078,31,2022
9,5216,562.0,0.10774539877300614,0.3668407310704961,31,2022
10,4202,0.0,0.0,0.0,31,2022
1,6187,0.0,0.0,0.0,31,2024
2,5576,0.0,0.0,0.0,31,2024
3,5014,0.0,0.0,0.0,31,2024
4,6382,0.0,0.0,0.0,31,2024
5,7636,69.0,0.009036144578313253,0.11917098445595854,31,2024
6,8915,363.0,0.040717891194615816,0.6269430051813472,31,2024
7,6625,147.0,0.02218867924528302,0.2538860103626943,31,2024
8,7856,0.0,0.0,0.0,31,2024
9,4163,0.0,0.0,0.0,31,2024
10,3401,0.0,0.0,0.0,31,2024
1,6989,0.0,0.0,0.0,32,2020
2,9207,0.0,0.0,0.0,32,2020
3,9607,188.0,0.01956906422400333,0.10923881464264962,32,2020
4,7295,163.0,0.022344071281699796,0.094712376525276,32,2020
5,9197,184.0,0.0200065238664782,0.10691458454386985,32,2020
6,7773,620.0,0.07976328315965521,0.3602556653108658,32,2020
7,7050,0.0,0.0,0.0,32,2020
8,4948,232.0,0.04688763136620857,0.1348053457292272,32,2020
9,4801,334.0,0.06956883982503645,0.19407321324811155,32,2020
10,2345,0.0,0.0,0.0,32,2020
1,6879,0.0,0.0,0.0,32,2022
2,10598,185.0,0.017456123796942818,0.09541000515729757,32,2022
3,8475,361.0,0.042595870206489674,0.18617844249613202,32,2022
4,8824,406.0,0.046010879419764276,0.20938628158844766,32,2022
5,8489,183.0,0.02155730945930027,0.09437854564208355,32,2022
6,6414,497.0,0.07748674773932024,0.2563176895306859,32,2022
7,7606,0.0,0.0,0.0,32,2022
8,3826,183.0,0.047830632514375325,0.09437854564208355,32,2022
9,3161,124.0,0.039228092375830435,0.06395048994326973,32,2022
10,3739,0.0,0.0,0.0,32,2022
1,8726,449.0,0.05145542058216823,0.5529556650246306,32,2024
2,12916,0.0,0.0,0.0,32,2024
3,8508,363.0,0.04266572637517631,0.44704433497536944,32,2024
4,7106,0.0,0.0,0.0,32,2024
5,7107,0.0,0.0,0.0,32,2024
6,5508,0.0,0.0,0.0,32,2024
7,6116,0.0,0.0,0.0,32,2024
8,4288,0.0,0.0,0.0,32,2024
9,3457,0.0,0.0,0.0,32,2024
10,1992,0.0,0.0,0.0,32,2024
